0,0
0.003,0
0.006,0
0.009,0
0.012,0
0.015,0
0.018,0
0.021,0
0.024,0
0.027,0
0.03,0
0.033,0
0.036,0
0.039,0
0.042,0
0.045,0
0.048,0
0.051,0
0.054,0
0.057,0
0.06,0
0.063,0
0.066,0
0.069,0
0.072,0
0.075,0
0.078,0
0.081,0
0.084,0
0.087,0
0.09,0
0.093,0
0.096,0
0.099,0
0.102,0
0.105,0
0.108,0
0.111,0
0.114,0
0.117,0
0.12,0
0.123,0
0.126,0
0.129,0
0.132,0
0.135,0
0.138,0
0.141,0
0.144,0
0.147,0
0.15,0
0.153,0
0.156,0
0.159,0
0.162,0
0.165,0
0.168,0
0.171,0
0.174,0
0.177,0
0.18,0
0.183,0
0.186,0
0.189,0
0.192,0
0.195,0
0.198,0
0.201,0
0.204,0
0.207,0
0.21,0
0.213,0
0.216,0
0.219,0
0.222,0
0.225,0
0.228,0
0.231,0
0.234,0
0.237,0
0.24,0
0.243,0
0.246,0
0.249,0
0.252,0
0.255,0
0.258,0
0.261,0
0.264,0
0.267,0
0.27,0
0.273,0
0.276,0
0.279,0
0.282,0
0.285,0
0.288,0
0.291,0
0.294,0
0.297,0
0.3,0
0.303,0
0.306,0
0.309,0
0.312,0
0.315,0
0.318,0
0.321,0
0.324,0
0.327,0
0.33,0
0.333,0
0.336,0
0.339,0
0.342,0
0.345,0
0.348,0
0.351,0
0.354,0
0.357,0
0.36,0
0.363,0
0.366,0
0.369,0
0.372,0
0.375,0
0.378,0
0.381,0
0.384,0
0.387,0
0.39,0
0.393,0
0.396,0
0.399,0
0.402,0
0.405,0
0.408,0
0.411,0
0.414,0
0.417,0
0.42,0
0.423,0
0.426,0
0.429,0
0.432,0
0.435,0
0.438,0
0.441,0
0.444,0
0.447,0
0.45,0
0.453,0
0.456,0
0.459,0
0.462,0
0.465,0
0.468,0
0.471,0
0.474,0
0.477,0
0.48,0
0.483,0
0.486,0
0.489,0
0.492,0
0.495,0
0.498,0
0.501,0
0.504,0
0.507,0
0.51,0
0.513,0
0.516,0
0.519,0
0.522,0
0.525,0
0.528,0
0.531,0
0.534,0
0.537,0
0.54,0
0.543,0
0.546,0
0.549,0
0.552,0
0.555,0
0.558,0
0.561,0
0.564,0
0.567,0
0.57,0
0.573,0
0.576,0
0.579,0
0.582,0
0.585,0
0.588,0
0.591,0
0.594,0
0.597,0
0.6,0
0.603,0
0.606,0
0.609,0
0.612,0
0.615,0
0.618,0
0.621,0
0.624,0
0.627,0
0.63,0
0.633,0
0.636,0
0.639,0
0.642,0
0.645,0
0.648,0
0.651,0
0.654,0
0.657,0
0.66,0
0.663,0
0.666,0
0.669,0
0.672,0
0.675,0
0.678,0
0.681,0
0.684,0
0.687,0
0.69,0
0.693,0
0.696,0
0.699,0
0.702,0
0.705,0
0.708,0
0.711,0
0.714,0
0.717,0
0.72,0
0.723,0
0.726,0
0.729,0
0.732,0
0.735,0
0.738,0
0.741,0
0.744,0
0.747,0
0.75,0
0.753,0
0.756,0
0.759,0
0.762,0
0.765,0
0.768,0
0.771,0
0.774,0
0.777,0
0.78,0
0.783,0
0.786,0
0.789,0
0.792,0
0.795,0
0.798,0
0.801,0
0.804,0
0.807,0
0.81,0
0.813,0
0.816,0
0.819,0
0.822,0
0.825,0
0.828,0
0.831,0
0.834,0
0.837,0
0.84,0
0.843,0
0.846,0
0.849,0
0.852,0
0.855,0
0.858,0
0.861,0
0.864,0
0.867,0
0.87,0
0.873,0
0.876,0
0.879,0
0.882,0
0.885,0
0.888,0
0.891,0
0.894,0
0.897,0
0.9,0
0.903,0
0.906,0
0.909,0
0.912,0
0.915,0
0.918,0
0.921,0
0.924,0
0.927,0
0.93,0
0.933,0
0.936,0
0.939,0
0.942,0
0.945,0
0.948,0
0.951,0
0.954,0
0.957,0
0.96,0
0.963,0
0.966,0
0.969,0
0.972,0
0.975,0
0.978,0
0.981,0
0.984,0
0.987,0
0.99,0
0.993,0
0.996,0
0.999,0
1.002,0
1.005,0
1.008,0
1.011,0
1.014,0
1.017,0
1.02,0
1.023,0
1.026,0
1.029,0
1.032,0
1.035,0
1.038,0
1.041,0
1.044,0
1.047,0
1.05,0
1.053,0
1.056,0
1.059,0
1.062,0
1.065,0
1.068,0
1.071,0
1.074,0
1.077,0
1.08,0
1.083,0
1.086,0
1.089,0
1.092,0
1.095,0
1.098,0
1.101,0
1.104,0
1.107,0
1.11,0
1.113,0
1.116,0
1.119,0
1.122,0
1.125,0
1.128,0
1.131,0
1.134,0
1.137,0
1.14,0
1.143,0
1.146,0
1.149,0
1.152,0
1.155,0
1.158,0
1.161,0
1.164,0
1.167,0
1.17,0
1.173,0
1.176,0
1.179,0
1.182,0
1.185,0
1.188,0
1.191,0
1.194,0
1.197,0
1.2,0
1.203,0
1.206,0
1.209,0
1.212,0
1.215,0
1.218,0
1.221,0
1.224,0
1.227,0
1.23,0
1.233,0
1.236,0
1.239,0
1.242,0
1.245,0
1.248,0
1.251,0
1.254,0
1.257,0
1.26,0
1.263,0
1.266,0
1.269,0
1.272,0
1.275,0
1.278,0
1.281,0
1.284,0
1.287,0
1.29,0
1.293,0
1.296,0
1.299,0
1.302,0
1.305,0
1.308,0
1.311,0
1.314,0
1.317,0
1.32,0
1.323,0
1.326,0
1.329,0
1.332,0
1.335,0
1.338,0
1.341,0
1.344,0
1.347,0
1.35,0
1.353,0
1.356,0
1.359,0
1.362,0
1.365,0
1.368,0
1.371,0
1.374,0
1.377,0
1.38,0
1.383,0
1.386,0
1.389,0
1.392,0
1.395,0
1.398,0
1.401,0
1.404,0
1.407,0
1.41,0
1.413,0
1.416,0
1.419,0
1.422,0
1.425,0
1.428,0
1.431,0
1.434,0
1.437,0
1.44,0
1.443,0
1.446,0
1.449,0
1.452,0
1.455,0
1.458,0
1.461,0
1.464,0
1.467,0
1.47,0
1.473,0
1.476,0
1.479,0
1.482,0
1.485,0
1.488,0
1.491,0
1.494,0
1.497,0
1.5,0
1.503,0
1.506,0
1.509,0
1.512,0
1.515,0
1.518,0
1.521,0
1.524,0
1.527,0
1.53,0
1.533,0
1.536,0
1.539,0
1.542,0
1.545,0
1.548,0
1.551,0
1.554,0
1.557,0
1.56,0
1.563,0
1.566,0
1.569,0
1.572,0
1.575,0
1.578,0
1.581,0
1.584,0
1.587,0
1.59,0
1.593,0
1.596,0
1.599,0
1.602,0
1.605,0
1.608,0
1.611,0
1.614,0
1.617,0
1.62,0
1.623,0
1.626,0
1.629,0
1.632,0
1.635,0
1.638,0
1.641,0
1.644,0
1.647,0
1.65,0
1.653,0
1.656,0
1.659,0
1.662,0
1.665,0
1.668,0
1.671,0
1.674,0
1.677,0
1.68,0
1.683,0
1.686,0
1.689,0
1.692,0
1.695,0
1.698,0
1.701,0
1.704,0
1.707,0
1.71,0
1.713,0
1.716,0
1.719,2
1.722,4
1.725,8
1.728,6
1.731,6
1.734,8
1.737,24
1.74,16
1.743,38
1.746,54
1.749,86
1.752,104
1.755,118
1.758,148
1.761,228
1.764,254
1.767,308
1.77,304
1.773,392
1.776,582
1.779,588
1.782,710
1.785,762
1.788,966
1.791,1006
1.794,1166
1.797,1148
1.8,1356
1.803,1472
1.806,1730
1.809,1910
1.812,1926
1.815,2090
1.818,2314
1.821,2284
1.824,2676
1.827,2598
1.83,2884
1.833,2894
1.836,3018
1.839,3206
1.842,3192
1.845,3220
1.848,3442
1.851,3504
1.854,3636
1.857,3708
1.86,3564
1.863,3630
1.866,3810
1.869,3748
1.872,3766
1.875,3744
1.878,3682
1.881,3882
1.884,3560
1.887,3508
1.89,3442
1.893,3316
1.896,3238
1.899,3118
1.902,3220
1.905,3102
1.908,3096
1.911,2998
1.914,2808
1.917,2658
1.92,2692
1.923,2642
1.926,2424
1.929,2408
1.932,2362
1.935,2362
1.938,2216
1.941,2122
1.944,2078
1.947,1954
1.95,1772
1.953,1782
1.956,1806
1.959,1830
1.962,1612
1.965,1570
1.968,1650
1.971,1492
1.974,1358
1.977,1318
1.98,1420
1.983,1372
1.986,1260
1.989,1240
1.992,1256
1.995,1154
1.998,1074
2.001,1052
2.004,1108
2.007,1070
2.01,984
2.013,966
2.016,946
2.019,906
2.022,876
2.025,862
2.028,790
2.031,842
2.034,754
2.037,696
2.04,828
2.043,796
2.046,766
2.049,714
2.052,666
2.055,684
2.058,676
2.061,696
2.064,626
2.067,678
2.07,640
2.073,618
2.076,546
2.079,514
2.082,594
2.085,610
2.088,524
2.091,506
2.094,586
2.097,490
2.1,514
2.103,464
2.106,534
2.109,498
2.112,472
2.115,462
2.118,462
2.121,506
2.124,458
2.127,466
2.13,408
2.133,458
2.136,466
2.139,484
2.142,392
2.145,382
2.148,376
2.151,428
2.154,346
2.157,448
2.16,444
2.163,366
2.166,388
2.169,414
2.172,370
2.175,356
2.178,346
2.181,348
2.184,408
2.187,336
2.19,300
2.193,368
2.196,384
2.199,314
2.202,356
2.205,320
2.208,376
2.211,304
2.214,304
2.217,338
2.22,364
2.223,280
2.226,344
2.229,390
2.232,338
2.235,336
2.238,328
2.241,318
2.244,336
2.247,356
2.25,350
2.253,286
2.256,296
2.259,268
2.262,354
2.265,304
2.268,348
2.271,346
2.274,350
2.277,322
2.28,322
2.283,360
2.286,336
2.289,286
2.292,290
2.295,326
2.298,326
2.301,324
2.304,332
2.307,328
2.31,326
2.313,306
2.316,302
2.319,284
2.322,324
2.325,360
2.328,312
2.331,314
2.334,288
2.337,328
2.34,270
2.343,330
2.346,320
2.349,264
2.352,310
2.355,334
2.358,318
2.361,312
2.364,298
2.367,294
2.37,284
2.373,282
2.376,316
2.379,274
2.382,346
2.385,300
2.388,326
2.391,316
2.394,314
2.397,340
2.4,308
2.403,284
2.406,338
2.409,330
2.412,306
2.415,292
2.418,270
2.421,318
2.424,322
2.427,306
2.43,306
2.433,298
2.436,338
2.439,294
2.442,304
2.445,326
2.448,342
2.451,318
2.454,356
2.457,288
2.46,372
2.463,390
2.466,324
2.469,346
2.472,348
2.475,372
2.478,304
2.481,306
2.484,318
2.487,376
2.49,380
2.493,344
2.496,370
2.499,344
2.502,350
2.505,338
2.508,330
2.511,358
2.514,330
2.517,354
2.52,348
2.523,354
2.526,360
2.529,330
2.532,358
2.535,368
2.538,418
2.541,382
2.544,380
2.547,362
2.55,388
2.553,334
2.556,458
2.559,422
2.562,422
2.565,362
2.568,376
2.571,464
2.574,374
2.577,386
2.58,416
2.583,462
2.586,440
2.589,434
2.592,418
2.595,418
2.598,404
2.601,470
2.604,456
2.607,432
2.61,492
2.613,478
2.616,472
2.619,480
2.622,460
2.625,462
2.628,472
2.631,424
2.634,420
2.637,544
2.64,418
2.643,424
2.646,458
2.649,484
2.652,472
2.655,452
2.658,474
2.661,478
2.664,534
2.667,484
2.67,476
2.673,514
2.676,520
2.679,512
2.682,524
2.685,476
2.688,496
2.691,526
2.694,518
2.697,480
2.7,546
2.703,506
2.706,528
2.709,508
2.712,524
2.715,494
2.718,558
2.721,566
2.724,540
2.727,562
2.73,508
2.733,534
2.736,556
2.739,560
2.742,518
2.745,556
2.748,540
2.751,582
2.754,588
2.757,502
2.76,624
2.763,632
2.766,624
2.769,538
2.772,520
2.775,586
2.778,550
2.781,574
2.784,542
2.787,610
2.79,550
2.793,596
2.796,616
2.799,566
2.802,584
2.805,590
2.808,562
2.811,534
2.814,590
2.817,572
2.82,640
2.823,602
2.826,598
2.829,622
2.832,618
2.835,598
2.838,604
2.841,602
2.844,634
2.847,636
2.85,658
2.853,560
2.856,524
2.859,530
2.862,612
2.865,644
2.868,630
2.871,718
2.874,642
2.877,614
2.88,684
2.883,584
2.886,584
2.889,676
2.892,622
2.895,640
2.898,654
2.901,618
2.904,658
2.907,652
2.91,612
2.913,610
2.916,668
2.919,684
2.922,650
2.925,710
2.928,716
2.931,696
2.934,724
2.937,696
2.94,646
2.943,706
2.946,724
2.949,704
2.952,684
2.955,734
2.958,732
2.961,756
2.964,718
2.967,760
2.97,726
2.973,742
2.976,756
2.979,710
2.982,672
2.985,832
2.988,722
2.991,794
2.994,796
2.997,772
3,772
3.003,826
3.006,834
3.009,786
3.012,702
3.015,854
3.018,828
3.021,790
3.024,820
3.027,920
3.03,816
3.033,864
3.036,840
3.039,884
3.042,892
3.045,926
3.048,962
3.051,952
3.054,986
3.057,896
3.06,1026
3.063,986
3.066,978
3.069,1010
3.072,962
3.075,970
3.078,972
3.081,1044
3.084,1008
3.087,1062
3.09,1000
3.093,1144
3.096,1066
3.099,1092
3.102,1138
3.105,1172
3.108,1192
3.111,1146
3.114,1214
3.117,1068
3.12,1244
3.123,1216
3.126,1264
3.129,1270
3.132,1286
3.135,1292
3.138,1238
3.141,1350
3.144,1452
3.147,1302
3.15,1390
3.153,1476
3.156,1450
3.159,1370
3.162,1552
3.165,1432
3.168,1464
3.171,1434
3.174,1492
3.177,1518
3.18,1420
3.183,1576
3.186,1696
3.189,1614
3.192,1598
3.195,1678
3.198,1626
3.201,1558
3.204,1712
3.207,1720
3.21,1684
3.213,1686
3.216,1750
3.219,1784
3.222,1674
3.225,1826
3.228,1760
3.231,1904
3.234,1882
3.237,1848
3.24,1886
3.243,2002
3.246,1890
3.249,1874
3.252,1740
3.255,1802
3.258,1896
3.261,1986
3.264,1888
3.267,1936
3.27,1920
3.273,2022
3.276,2110
3.279,1872
3.282,2010
3.285,1980
3.288,1994
3.291,1900
3.294,1974
3.297,1894
3.3,1820
3.303,1844
3.306,1822
3.309,1958
3.312,1774
3.315,2020
3.318,1948
3.321,1846
3.324,1890
3.327,1932
3.33,1902
3.333,1808
3.336,1894
3.339,1864
3.342,1862
3.345,1888
3.348,1818
3.351,1832
3.354,1788
3.357,1876
3.36,1768
3.363,1732
3.366,1782
3.369,1822
3.372,1846
3.375,1680
3.378,1746
3.381,1684
3.384,1816
3.387,1790
3.39,1604
3.393,1730
3.396,1670
3.399,1862
3.402,1768
3.405,1788
3.408,1688
3.411,1622
3.414,1534
3.417,1738
3.42,1536
3.423,1596
3.426,1684
3.429,1594
3.432,1510
3.435,1634
3.438,1634
3.441,1664
3.444,1582
3.447,1588
3.45,1598
3.453,1686
3.456,1576
3.459,1632
3.462,1520
3.465,1516
3.468,1518
3.471,1468
3.474,1484
3.477,1596
3.48,1614
3.483,1466
3.486,1596
3.489,1496
3.492,1640
3.495,1592
3.498,1522
3.501,1544
3.504,1476
3.507,1640
3.51,1500
3.513,1524
3.516,1582
3.519,1578
3.522,1540
3.525,1558
3.528,1558
3.531,1622
3.534,1502
3.537,1582
3.54,1640
3.543,1622
3.546,1580
3.549,1628
3.552,1650
3.555,1654
3.558,1750
3.561,1672
3.564,1674
3.567,1648
3.57,1698
3.573,1718
3.576,1628
3.579,1698
3.582,1682
3.585,1664
3.588,1640
3.591,1760
3.594,1718
3.597,1808
3.6,1748
3.603,1626
3.606,1712
3.609,1820
3.612,1720
3.615,1718
3.618,1838
3.621,1702
3.624,1838
3.627,1790
3.63,1738
3.633,1818
3.636,1740
3.639,1810
3.642,1872
3.645,1848
3.648,1836
3.651,1896
3.654,1856
3.657,1898
3.66,1700
3.663,1858
3.666,1840
3.669,1932
3.672,1792
3.675,1884
3.678,1846
3.681,1874
3.684,1792
3.687,1848
3.69,1848
3.693,1946
3.696,1810
3.699,1830
3.702,1884
3.705,1784
3.708,1718
3.711,1818
3.714,1780
3.717,1810
3.72,1722
3.723,1802
3.726,1720
3.729,1770
3.732,1722
3.735,1778
3.738,1826
3.741,1710
3.744,1706
3.747,1722
3.75,1702
3.753,1582
3.756,1646
3.759,1644
3.762,1680
3.765,1718
3.768,1612
3.771,1566
3.774,1636
3.777,1644
3.78,1622
3.783,1576
3.786,1498
3.789,1506
3.792,1598
3.795,1434
3.798,1442
3.801,1518
3.804,1470
3.807,1476
3.81,1428
3.813,1408
3.816,1360
3.819,1356
3.822,1426
3.825,1388
3.828,1280
3.831,1312
3.834,1344
3.837,1310
3.84,1244
3.843,1316
3.846,1326
3.849,1388
3.852,1248
3.855,1234
3.858,1250
3.861,1292
3.864,1146
3.867,1372
3.87,1212
3.873,1186
3.876,1224
3.879,1144
3.882,1114
3.885,1176
3.888,1180
3.891,1152
3.894,1138
3.897,1108
3.9,1040
3.903,1162
3.906,1108
3.909,1110
3.912,1154
3.915,1056
3.918,1106
3.921,1056
3.924,1100
3.927,1106
3.93,984
3.933,1076
3.936,996
3.939,938
3.942,974
3.945,978
3.948,902
3.951,1034
3.954,962
3.957,938
3.96,1030
3.963,994
3.966,940
3.969,998
3.972,1020
3.975,958
3.978,990
3.981,976
3.984,944
3.987,1012
3.99,986
3.993,908
3.996,926
3.999,308
